{"cameraMode":{"drawMode":0,"name":"Shaded","section":"Shading Mode"},"sceneLighting":false,"audioPlay":false,"sceneViewState":{"m_AlwaysRefresh":false,"showFog":true,"showSkybox":true,"showFlares":true,"showImageEffects":true,"showParticleSystems":true,"showVisualEffectGraphs":true,"m_FxEnabled":true},"in2DMode":false,"pivot":{"x":-43.22999954223633,"y":0.8500000238418579,"z":19.253999710083009},"rotation":{"x":-0.04846281558275223,"y":0.0697309821844101,"z":0.0034543373622000219,"w":0.9964335560798645},"size":1.067707896232605,"orthographic":false}