{"cameraMode":{"drawMode":0,"name":"Shaded","section":"Shading Mode"},"sceneLighting":true,"audioPlay":false,"sceneViewState":{"m_AlwaysRefresh":false,"showFog":true,"showSkybox":true,"showFlares":true,"showImageEffects":true,"showParticleSystems":true,"showVisualEffectGraphs":true,"m_FxEnabled":true},"in2DMode":false,"pivot":{"x":4.8784003257751469,"y":2.62719988822937,"z":24.395000457763673},"rotation":{"x":0.10550057142972946,"y":0.062308475375175479,"z":-0.006527315359562635,"w":0.9924759268760681},"size":1.1785410642623902,"orthographic":false}